frame_number,sync_pipeline_latency_ms,sync_fps,hud_loop_latency_ms,hud_loop_fps,hud_smooth_fps,face_detected,final_state,mediapipe_ms,roi_ms,vit_ms,fusion_ms,temporal_ms,overhead_ms
1,17.0633,58.61,22.5522,44.34,44.34,True,ALERT,4.9619,0.9372,10.5213,0.1693,0.0286,0.445
2,43.804,22.83,49.3081,20.28,32.31,True,ALERT,6.7203,3.3258,30.744,0.4684,0.0941,2.4514
3,45.9417,21.77,54.2692,18.43,27.68,True,ALERT,12.4654,2.9731,28.0514,0.478,0.0877,1.8861
4,42.1923,23.7,52.2181,19.15,25.55,True,ALERT,7.5898,3.0758,29.3124,0.4628,0.111,1.6405
5,15.4509,64.72,23.1297,43.23,29.09,True,ALERT,3.8597,0.8476,10.1665,0.1338,0.0242,0.4191
6,47.2636,21.16,82.5865,12.11,26.26,True,ALERT,12.6813,2.9712,29.6474,0.4472,0.0846,1.4319
7,17.0992,58.48,36.1474,27.66,26.46,True,ALERT,5.4123,1.0274,9.942,0.1296,0.0248,0.5631
8,38.8305,25.75,46.2667,21.61,25.85,True,ALERT,5.9623,2.8972,27.9769,0.4494,0.0835,1.4612
9,15.0966,66.24,22.3559,44.73,27.95,True,ALERT,3.8163,0.8284,9.8563,0.1527,0.0288,0.4141
10,38.1819,26.19,46.0163,21.73,27.33,True,LOW_VIGILANCE,5.4078,2.9758,27.506,0.444,0.4009,1.4474
11,15.1599,65.96,20.3254,49.2,29.32,True,LOW_VIGILANCE,3.5838,0.8873,10.0895,0.1345,0.0238,0.441
12,17.0967,58.49,40.0421,24.97,28.95,True,LOW_VIGILANCE,4.8121,1.2299,10.1765,0.1517,0.0297,0.6968
13,15.8445,63.11,23.2521,43.01,30.04,True,LOW_VIGILANCE,4.1917,0.9427,10.0454,0.1369,0.0243,0.5035
14,20.9459,47.74,44.7015,22.37,29.49,True,LOW_VIGILANCE,9.6344,0.8111,9.8975,0.1292,0.021,0.4527
15,27.2815,36.65,35.32,28.31,29.41,True,LOW_VIGILANCE,5.7192,3.0359,16.6768,0.1229,0.0218,1.7049
16,14.6231,68.38,22.906,43.66,30.3,True,LOW_VIGILANCE,3.3146,0.9084,9.8077,0.1141,0.0217,0.4566
17,14.9032,67.1,22.3238,44.8,31.15,True,LOW_VIGILANCE,3.5608,0.9037,9.7692,0.1777,0.0286,0.4632
18,38.7345,25.82,49.9009,20.04,30.54,True,LOW_VIGILANCE,5.9945,2.9038,27.7964,0.4741,0.0844,1.4813
19,33.185,30.13,40.7038,24.57,30.22,True,LOW_VIGILANCE,4.7276,0.8731,26.592,0.4428,0.0867,0.4628
20,37.7514,26.49,45.5654,21.95,29.81,True,LOW_VIGILANCE,5.5463,2.8842,27.3652,0.4471,0.0895,1.4191
21,38.7863,25.78,47.5403,21.03,29.39,True,LOW_VIGILANCE,6.3372,2.9895,27.4744,0.4462,0.0846,1.4544
22,15.1276,66.1,23.4604,42.63,29.99,True,LOW_VIGILANCE,4.0179,0.9004,9.6511,0.1369,0.0222,0.3991
23,32.7442,30.54,40.708,24.57,29.76,True,LOW_VIGILANCE,6.2077,2.9087,22.0698,0.1583,0.0278,1.3719
24,33.6687,29.7,41.3407,24.19,29.52,True,LOW_VIGILANCE,4.0174,1.1774,27.3251,0.4428,0.0881,0.6179
25,15.2396,65.62,23.1807,43.14,30.07,True,LOW_VIGILANCE,3.6127,0.8347,10.1789,0.1336,0.0255,0.4542
26,38.3678,26.06,46.6195,21.45,29.74,True,LOW_VIGILANCE,5.8564,2.9599,27.6861,0.4315,0.0847,1.3492
27,34.6336,28.87,42.8203,23.35,29.5,True,LOW_VIGILANCE,5.9927,2.9446,23.9498,0.2044,0.0333,1.5088
28,44.7295,22.36,69.3109,14.43,28.96,True,LOW_VIGILANCE,12.2566,2.8994,27.4421,0.4408,0.0902,1.6004
29,14.9195,67.03,34.0425,29.38,28.98,True,LOW_VIGILANCE,3.5903,0.9016,9.7835,0.1292,0.0245,0.4904
30,29.6393,33.74,36.7632,27.2,28.92,True,LOW_VIGILANCE,4.1571,1.2258,23.3668,0.1738,0.0313,0.6845
31,18.4593,54.17,25.5889,39.08,28.74,True,LOW_VIGILANCE,6.329,1.177,10.1218,0.1409,0.0256,0.665
32,15.2558,65.55,23.144,43.21,29.51,True,LOW_VIGILANCE,4.2062,0.821,9.7039,0.1002,0.0183,0.4062
33,16.0971,62.12,27.7809,36.0,30.09,True,LOW_VIGILANCE,4.0423,1.1161,10.1469,0.1417,0.0259,0.6242
34,45.4096,22.02,92.1097,10.86,29.82,True,LOW_VIGILANCE,12.0451,3.0114,28.087,0.4726,0.0865,1.707
35,19.2878,51.85,26.3742,37.92,29.64,True,LOW_VIGILANCE,6.9249,1.0738,10.0043,0.1145,0.0218,1.1485
36,34.9026,28.65,42.2162,23.69,30.02,True,LOW_VIGILANCE,3.3958,2.6328,27.789,0.4472,0.086,0.5518
37,15.9991,62.5,24.003,41.66,30.49,True,LOW_VIGILANCE,4.4647,0.8769,10.0516,0.1185,0.0225,0.4649
38,38.641,25.88,45.7464,21.86,30.5,True,LOW_VIGILANCE,6.0996,2.936,27.498,0.4685,0.088,1.5509
39,39.5717,25.27,47.0094,21.27,29.72,True,LOW_VIGILANCE,6.818,2.9717,27.5811,0.4404,0.0864,1.6741
40,15.2325,65.65,24.1126,41.47,30.37,True,LOW_VIGILANCE,3.7814,0.8614,9.9577,0.1476,0.0251,0.4593
41,22.5689,44.31,30.87,32.39,29.81,True,LOW_VIGILANCE,9.4419,0.9174,11.5944,0.134,0.0243,0.4569
42,25.3972,39.37,32.8501,30.44,30.0,True,LOW_VIGILANCE,6.213,2.9396,14.7224,0.17,0.0284,1.3238
43,35.6971,28.01,42.9908,23.26,29.34,True,LOW_VIGILANCE,10.2663,1.2661,22.9822,0.45,0.0908,0.6417
44,25.7603,38.82,34.0672,29.35,29.57,True,LOW_VIGILANCE,7.0602,2.9209,14.2551,0.1811,0.0309,1.3121
45,16.6302,60.13,23.9254,41.8,30.02,True,LOW_VIGILANCE,4.8614,1.0128,10.0994,0.1506,0.0284,0.4776
46,28.0344,35.67,35.4049,28.24,29.51,True,LOW_VIGILANCE,6.067,3.036,17.3354,0.1656,0.0284,1.402
47,26.1546,38.23,34.1802,29.26,28.99,True,LOW_VIGILANCE,6.6176,2.9368,15.0689,0.1341,0.0242,1.373
48,29.9366,33.4,37.4186,26.72,29.21,True,LOW_VIGILANCE,6.1623,2.8813,19.3596,0.1451,0.0228,1.3655
49,39.8196,25.11,48.505,20.62,29.08,True,LOW_VIGILANCE,6.7452,2.9169,27.9807,0.4503,0.112,1.6145
50,15.6005,64.1,32.7208,30.56,29.37,True,LOW_VIGILANCE,3.7952,1.0368,10.0201,0.1335,0.0241,0.5908
51,40.4814,24.7,88.2219,11.34,29.04,True,LOW_VIGILANCE,7.6172,2.9943,27.6435,0.4469,0.0845,1.695
52,37.7237,26.51,45.6186,21.92,28.35,True,LOW_VIGILANCE,5.824,2.9062,26.8993,0.4299,0.0848,1.5795
53,21.7142,46.05,29.8023,33.55,28.65,True,LOW_VIGILANCE,9.764,0.8266,10.4313,0.1787,0.0404,0.4732
54,24.7967,40.33,32.7178,30.56,28.87,True,LOW_VIGILANCE,5.6736,2.9374,14.4388,0.2065,0.0354,1.505
55,38.7504,25.81,46.6731,21.43,28.14,True,LOW_VIGILANCE,5.706,2.9047,28.105,0.4879,0.0893,1.4575
56,39.6598,25.21,48.3587,20.68,28.12,True,LOW_VIGILANCE,6.2081,3.0298,28.3732,0.4604,0.0869,1.5014
57,15.0153,66.6,23.2241,43.06,28.77,True,LOW_VIGILANCE,3.5761,0.8594,10.019,0.1148,0.0208,0.4252
58,40.1943,24.88,48.2858,20.71,28.98,True,LOW_VIGILANCE,6.8752,2.9088,28.3665,0.4751,0.0854,1.4833
59,21.732,46.02,29.5074,33.89,29.13,True,LOW_VIGILANCE,9.8413,0.764,10.551,0.1276,0.024,0.4241
60,15.8057,63.27,21.6747,46.14,29.76,True,LOW_VIGILANCE,3.9235,1.1292,10.0343,0.1408,0.0268,0.5511
61,39.4747,25.33,86.8793,11.51,28.85,True,LOW_VIGILANCE,6.4027,3.0204,27.9552,0.486,0.0866,1.5238
62,14.8304,67.43,22.4111,44.62,28.89,True,LOW_VIGILANCE,3.6652,0.8301,9.7416,0.1077,0.0202,0.4656
63,17.2215,58.07,25.3637,39.43,29.01,True,LOW_VIGILANCE,5.3009,1.0885,10.1187,0.1263,0.0236,0.5635
64,39.5013,25.32,65.8995,15.17,29.15,True,LOW_VIGILANCE,6.3935,2.971,28.1035,0.4509,0.0866,1.4958
65,38.4474,26.01,46.768,21.38,28.6,True,LOW_VIGILANCE,5.8345,3.1497,27.6048,0.1421,0.0228,1.6935
66,15.5441,64.33,23.1011,43.29,29.25,True,LOW_VIGILANCE,3.8848,0.87,10.1953,0.1704,0.0267,0.3969
67,15.6894,63.74,23.6606,42.26,29.27,True,LOW_VIGILANCE,3.8518,1.0362,9.9676,0.1598,0.0299,0.6441
68,45.1203,22.16,52.8386,18.93,29.18,True,LOW_VIGILANCE,12.1938,2.8803,28.0773,0.4561,0.1127,1.4001
69,16.2898,61.39,24.1193,41.46,29.85,True,LOW_VIGILANCE,4.1077,1.1448,10.2838,0.1558,0.0282,0.5695
70,22.7922,43.87,30.9861,32.27,29.54,True,LOW_VIGILANCE,6.0733,2.8971,11.8962,0.4525,0.1077,1.3654
71,38.7268,25.82,46.9583,21.3,29.17,True,LOW_VIGILANCE,6.2987,2.9581,27.5074,0.4425,0.0846,1.4355
72,39.1058,25.57,47.4104,21.09,28.86,True,LOW_VIGILANCE,6.56,2.9364,27.5871,0.4739,0.0873,1.4611
73,15.613,64.05,23.9382,41.77,29.48,True,LOW_VIGILANCE,3.9788,0.9706,10.0115,0.1242,0.024,0.5039
74,40.0025,25.0,48.4138,20.66,29.19,True,LOW_VIGILANCE,6.2384,2.9273,28.7383,0.5351,0.0856,1.4778
75,15.2513,65.57,23.607,42.36,29.21,True,LOW_VIGILANCE,3.2706,0.9985,10.34,0.1568,0.0289,0.4565
76,43.2575,23.12,51.0284,19.6,28.92,True,LOW_VIGILANCE,10.4202,2.9331,27.8014,0.4559,0.0873,1.5596
77,38.6025,25.91,46.2939,21.6,28.66,True,LOW_VIGILANCE,6.0111,2.963,27.4901,0.4427,0.0867,1.6089
78,14.1611,70.62,21.8984,45.67,29.29,True,LOW_VIGILANCE,3.0017,0.8548,9.6617,0.1316,0.0251,0.4862
79,39.0514,25.61,47.0673,21.25,29.31,True,DROWSY,5.467,2.9522,28.1694,0.4777,0.4115,1.5736
80,16.1808,61.8,21.8627,45.74,29.82,True,DROWSY,4.5018,0.9407,10.0389,0.1544,0.0264,0.5186
81,14.5729,68.62,51.5892,19.38,30.09,True,DROWSY,3.2406,0.8351,9.9324,0.1265,0.0233,0.415
82,39.0246,25.62,46.4197,21.54,30.08,True,DROWSY,5.8108,2.9926,28.1888,0.4502,0.0823,1.4999
83,28.5472,35.03,36.2931,27.55,29.88,True,DROWSY,6.0374,3.0505,17.8524,0.1555,0.0258,1.4256
84,15.2355,65.64,29.6685,33.71,29.98,True,DROWSY,3.6631,0.9094,10.0339,0.1472,0.0231,0.4588
85,29.7802,33.58,37.5646,26.62,30.15,True,DROWSY,6.9706,3.0611,18.0513,0.178,0.0305,1.4887
86,22.2769,44.89,33.9828,29.43,30.45,True,DROWSY,9.9881,0.8582,10.7278,0.1951,0.0353,0.4724
87,16.0934,62.14,23.7468,42.11,30.41,True,DROWSY,3.8583,1.2377,10.1734,0.1502,0.0279,0.6459
88,15.0907,66.27,32.574,30.7,30.75,True,DROWSY,3.6593,0.8955,9.9453,0.1224,0.0198,0.4484
89,14.9094,67.07,22.3167,44.81,31.11,True,DROWSY,3.3139,0.8689,10.1462,0.1139,0.0196,0.4469
90,40.149,24.91,67.2465,14.87,30.07,True,DROWSY,7.1618,3.0565,28.1811,0.143,0.0231,1.5835
91,15.6995,63.7,23.9877,41.69,31.08,True,DROWSY,3.7865,1.1047,10.0974,0.1384,0.0243,0.5482
92,16.1329,61.99,24.4164,40.96,30.95,True,DROWSY,3.7272,0.9742,10.3309,0.4644,0.0838,0.5524
93,20.482,48.82,28.3665,35.25,30.81,True,DROWSY,6.5902,1.7721,10.205,0.2281,0.0365,1.6501
94,39.6529,25.22,47.222,21.18,31.01,True,DROWSY,6.5207,3.1721,27.7341,0.5067,0.0848,1.6345
95,45.5493,21.95,57.2792,17.46,30.88,True,DROWSY,12.2871,3.091,28.0486,0.4541,0.0834,1.5851
96,39.7778,25.14,48.1829,20.75,30.13,True,DROWSY,6.9321,2.9984,27.7031,0.4415,0.0843,1.6184
97,32.6872,30.59,40.3465,24.79,29.55,True,DROWSY,3.1041,1.0334,27.2959,0.4734,0.0827,0.6977
98,15.0813,66.31,23.3605,42.81,30.35,True,DROWSY,3.2167,1.0938,10.0985,0.1593,0.0287,0.4843
99,21.7364,46.01,29.0124,34.47,30.11,True,DROWSY,6.2948,2.9457,10.944,0.1394,0.024,1.3885
100,21.1333,47.32,28.4923,35.1,30.21,True,DROWSY,9.7221,0.82,9.978,0.1251,0.0215,0.4666
101,22.7935,43.87,27.9737,35.75,30.69,True,DROWSY,11.4304,0.8616,9.9042,0.1296,0.0211,0.4466
102,39.3003,25.45,47.0815,21.24,30.69,True,DROWSY,6.2568,2.9193,28.1767,0.4617,0.0868,1.399
103,44.9148,22.26,53.0268,18.86,29.93,True,DROWSY,12.4373,2.9642,27.6157,0.4436,0.108,1.346
104,15.7248,63.59,23.6274,42.32,30.65,True,DROWSY,3.7747,0.8798,10.4685,0.1436,0.0251,0.4331
105,38.103,26.24,46.0158,21.73,29.96,True,DROWSY,5.9936,2.8902,27.3523,0.4547,0.0825,1.3297
106,16.0184,62.43,23.852,41.93,30.71,True,DROWSY,4.1265,0.9216,10.4087,0.125,0.0202,0.4164
107,38.9248,25.69,46.9034,21.32,30.7,True,DROWSY,6.403,3.044,27.5183,0.4432,0.0841,1.4322
108,15.611,64.06,23.1492,43.2,30.62,True,DROWSY,3.8116,0.8635,10.3944,0.1084,0.0194,0.4137
109,16.3275,61.25,23.7292,42.14,31.31,True,DROWSY,4.2096,1.1819,10.0637,0.1852,0.026,0.6611
110,21.9212,45.62,29.5523,33.84,30.92,True,DROWSY,9.989,0.9676,10.225,0.1592,0.0291,0.5513
111,14.7152,67.96,22.2533,44.94,31.77,True,DROWSY,3.1545,0.8757,10.0508,0.1416,0.0223,0.4703
112,16.7983,59.53,25.1917,39.7,32.37,True,DROWSY,4.2183,1.3359,10.3059,0.1744,0.0307,0.7331
113,28.641,34.91,36.7046,27.24,32.36,True,DROWSY,4.5637,1.1392,21.7913,0.4399,0.0808,0.6261
114,38.434,26.02,46.7719,21.38,31.95,True,DROWSY,5.7035,3.0413,27.5206,0.4512,0.0845,1.6329
115,31.4861,31.76,39.4929,25.32,31.91,True,DROWSY,6.0835,3.0612,20.6476,0.1235,0.0213,1.549
116,16.5627,60.38,23.5827,42.4,32.34,True,DROWSY,5.0678,0.8618,9.9591,0.1469,0.0243,0.5028
117,22.6097,44.23,31.113,32.14,32.01,True,DROWSY,6.5513,2.9444,11.4641,0.1412,0.0232,1.4855
118,36.5951,27.33,44.9516,22.25,31.73,True,DROWSY,7.4097,2.957,24.6089,0.1586,0.0261,1.4348
119,35.7909,27.94,43.219,23.14,31.0,True,DROWSY,6.5725,2.9065,24.6586,0.1505,0.0258,1.477
120,45.9319,21.77,53.6236,18.65,31.13,True,DROWSY,12.5076,2.971,28.4005,0.4715,0.0829,1.4984
121,15.0901,66.27,31.1321,32.12,30.81,True,DROWSY,3.8542,0.8589,9.8199,0.1056,0.0184,0.4331
122,22.1349,45.18,69.5565,14.38,29.93,True,DROWSY,10.2066,0.8691,10.2992,0.1411,0.1204,0.4985
123,17.0981,58.49,24.9351,40.1,30.09,True,DROWSY,3.9514,0.8699,11.5601,0.1852,0.0318,0.4997
124,39.6391,25.23,47.5184,21.04,30.08,True,DROWSY,6.3118,2.9915,28.1203,0.47,0.0842,1.6613
125,39.2393,25.48,47.0452,21.26,30.21,True,DROWSY,12.424,3.2378,21.7337,0.1614,0.0264,1.656
126,40.9279,24.43,48.6976,20.53,30.2,True,DROWSY,6.7309,3.08,28.8997,0.4923,0.0828,1.6422
127,37.7891,26.46,45.2775,22.09,30.11,True,DROWSY,6.0468,2.0003,27.8941,0.4682,0.0853,1.2944
128,31.9495,31.3,40.0949,24.94,29.52,True,DROWSY,5.983,3.076,21.1418,0.1575,0.0257,1.5655
129,39.1341,25.55,46.7225,21.4,29.08,True,DROWSY,6.1843,3.0682,27.656,0.4694,0.0835,1.6727
130,40.4106,24.75,48.1586,20.76,28.6,True,DROWSY,7.1112,3.1159,27.9149,0.4755,0.0833,1.7098
131,15.4334,64.79,23.383,42.77,28.84,True,DROWSY,3.8184,0.8962,10.0154,0.1625,0.032,0.5089
132,35.2416,28.38,56.9633,17.56,28.71,True,DROWSY,4.0811,2.4228,27.5519,0.4705,0.081,0.6343
133,15.2906,65.4,22.3586,44.73,29.58,True,DROWSY,3.8588,0.9028,9.9012,0.1625,0.0265,0.4388
134,21.4767,46.56,29.2696,34.17,29.31,True,DROWSY,9.8244,0.9364,10.0655,0.1251,0.0224,0.5029
135,24.8609,40.22,32.4656,30.8,29.61,True,DROWSY,5.8538,2.945,14.0144,0.4662,0.0881,1.4934
136,19.7466,50.64,27.7585,36.03,29.41,True,DROWSY,4.804,1.0536,12.7413,0.4536,0.1074,0.5867
137,22.4618,44.52,51.2023,19.53,29.35,True,DROWSY,10.3579,1.1918,10.1037,0.1397,0.0229,0.6458
138,29.1761,34.27,36.6613,27.28,28.82,True,DROWSY,6.5332,3.0666,17.8917,0.1466,0.0249,1.5131
139,15.1964,65.81,22.5071,44.43,28.9,True,DROWSY,3.9686,0.8247,9.7979,0.1428,0.0231,0.4393
140,15.7976,63.3,23.6476,42.29,29.18,True,DROWSY,3.8178,0.8923,10.446,0.175,0.0268,0.4397
141,39.0073,25.64,47.2247,21.18,28.39,True,DROWSY,6.2826,2.9652,27.6389,0.4492,0.0836,1.5878
142,26.7569,37.37,34.8336,28.71,28.02,True,DROWSY,3.7986,0.8703,21.0673,0.449,0.0822,0.4895
143,36.0027,27.78,43.1414,23.18,27.88,True,DROWSY,3.8508,1.9074,29.0202,0.5249,0.086,0.6134
144,45.583,21.94,53.385,18.73,27.8,True,DROWSY,12.365,3.0067,27.975,0.4707,0.0833,1.6823
145,39.0143,25.63,46.9553,21.3,27.66,True,DROWSY,6.4393,3.0246,27.2892,0.4372,0.0831,1.7409
146,15.8643,63.03,23.8487,41.93,27.65,True,DROWSY,3.8475,1.0804,10.1409,0.1698,0.031,0.5947
147,45.5744,21.94,53.6543,18.64,27.2,True,DROWSY,12.6619,2.9793,27.6879,0.4794,0.086,1.6799
148,34.9974,28.57,41.1274,24.31,27.27,True,DROWSY,6.7793,3.0686,23.5366,0.1436,0.0237,1.4456
149,17.0712,58.58,22.6165,44.22,27.97,True,DROWSY,4.0677,1.3012,10.8141,0.1812,0.0303,0.6767
150,17.6627,56.62,23.2299,43.05,28.78,True,DROWSY,5.2012,1.3502,10.3083,0.1478,0.026,0.6292
151,43.4995,22.99,49.6058,20.16,28.38,True,DROWSY,10.7596,2.8992,27.8898,0.4541,0.0864,1.4104
152,15.6123,64.05,23.9867,41.69,29.29,True,DROWSY,4.1579,0.9143,9.9118,0.145,0.025,0.4583
153,44.7689,22.34,52.5578,19.03,28.59,True,DROWSY,12.2434,2.9412,27.6273,0.4427,0.084,1.4303
154,16.3138,61.3,24.5425,40.75,29.25,True,DROWSY,3.9598,0.9133,10.8642,0.1272,0.0218,0.4275
155,39.5733,25.27,47.3044,21.14,29.24,True,DROWSY,6.4493,2.9403,28.1611,0.4572,0.0831,1.4823
156,45.702,21.88,53.584,18.66,29.18,True,DROWSY,12.5606,2.9929,28.0947,0.4498,0.0839,1.5201
157,15.5083,64.48,23.7553,42.1,29.85,True,DROWSY,3.4973,0.9477,10.4091,0.1342,0.0243,0.4957
158,14.4098,69.4,22.3913,44.66,30.5,True,DROWSY,3.1418,0.8186,9.8059,0.133,0.0237,0.4868
159,25.306,39.52,64.8805,15.41,30.31,True,DROWSY,6.3049,3.1336,14.0494,0.1438,0.0224,1.6519
160,29.4319,33.98,36.5613,27.35,30.52,True,DROWSY,5.9998,3.0582,18.1197,0.4602,0.0863,1.7077
161,15.3562,65.12,22.8669,43.73,30.56,True,DROWSY,3.4698,1.0684,10.1183,0.1395,0.0246,0.5356
162,15.8314,63.17,23.4836,42.58,31.39,True,DROWSY,3.5283,1.0133,10.5385,0.1439,0.0244,0.583
163,40.6718,24.59,48.8509,20.47,30.58,True,DROWSY,6.7498,3.1608,28.5318,0.4388,0.0818,1.7088
164,17.8139,56.14,25.5957,39.07,30.75,True,DROWSY,6.3997,0.888,9.8708,0.1108,0.0202,0.5244
165,35.3259,28.31,43.4949,22.99,30.49,True,DROWSY,3.6445,2.5098,27.9621,0.4517,0.0824,0.6754
166,39.296,25.45,53.3324,18.75,29.91,True,DROWSY,6.5874,3.0388,27.4936,0.5306,0.0335,1.6121
167,16.0373,62.35,23.6515,42.28,30.67,True,DROWSY,4.0697,1.092,10.0935,0.1413,0.0246,0.6162
168,25.5708,39.11,34.0159,29.4,30.74,True,DROWSY,5.8723,2.9241,14.7922,0.1938,0.1703,1.6181
169,45.4944,21.98,53.016,18.86,29.89,True,DROWSY,12.4175,2.938,28.0086,0.4857,0.0884,1.5562
170,40.6748,24.59,49.2029,20.32,29.15,True,DROWSY,6.7795,3.3313,28.2478,0.4551,0.0847,1.7764
171,18.8626,53.01,26.4734,37.77,29.71,True,DROWSY,4.396,0.9522,12.7769,0.1892,0.0265,0.5218
172,38.9777,25.66,47.1814,21.19,29.46,True,DROWSY,6.4895,2.9458,27.5138,0.455,0.0857,1.4879
173,40.0387,24.98,48.0268,20.82,29.38,True,DROWSY,7.2311,3.0562,27.6735,0.4663,0.0849,1.5267
174,19.6405,50.92,27.9336,35.8,29.95,True,DROWSY,4.2991,0.9195,13.338,0.4732,0.0854,0.5253
175,23.2628,42.99,31.668,31.58,30.29,True,DROWSY,6.3491,1.8502,12.9627,0.4471,0.0882,1.5655
176,29.3275,34.1,64.5278,15.5,29.41,True,DROWSY,5.9598,3.0193,18.4591,0.1943,0.0315,1.6635
177,32.3013,30.96,39.9509,25.03,29.62,True,DROWSY,4.0787,0.9894,26.1385,0.4516,0.0822,0.5609
178,38.0899,26.25,46.3054,21.6,29.53,True,DROWSY,6.1493,3.087,26.593,0.4821,0.0895,1.689
179,46.7724,21.38,51.4638,19.43,28.71,True,DROWSY,12.3802,3.4239,28.6015,0.4597,0.0866,1.8205
180,39.0912,25.58,46.5837,21.47,27.99,True,DROWSY,6.466,3.0078,27.3461,0.4731,0.0879,1.7103
181,25.0445,39.93,32.9115,30.38,28.33,True,DROWSY,10.1994,0.8675,13.3373,0.1734,0.0283,0.4386
182,37.0218,27.01,45.035,22.2,27.68,True,DROWSY,6.093,2.9207,26.4295,0.1501,0.0254,1.4031
183,43.9823,22.74,51.3607,19.47,27.69,True,DROWSY,12.3709,2.8541,26.8404,0.4335,0.0829,1.4005
184,44.3973,22.52,52.8975,18.9,26.96,True,DROWSY,12.4559,2.8801,27.1325,0.4406,0.0837,1.4045
185,38.0808,26.26,55.6118,17.98,26.86,True,DROWSY,6.2716,2.8552,27.0783,0.4385,0.0816,1.3556
186,20.1894,49.53,30.6346,32.64,27.33,True,DROWSY,4.7031,1.0754,13.6055,0.1382,0.0264,0.6408
187,18.6338,53.67,26.373,37.92,27.19,True,DROWSY,3.2626,0.9007,13.5254,0.45,0.0825,0.4126
188,19.0061,52.61,27.3599,36.55,26.92,True,DROWSY,3.9855,0.9015,13.4149,0.2516,0.0299,0.4227
189,38.4279,26.02,46.4517,21.53,27.12,True,DROWSY,6.481,2.9288,27.0116,0.4403,0.0844,1.4818
190,18.7438,53.35,27.7639,36.02,27.41,True,DROWSY,3.7115,0.8541,13.5116,0.1501,0.0262,0.4903
191,35.131,28.46,43.3647,23.06,26.72,True,DROWSY,6.8763,2.9847,23.1014,0.4686,0.0835,1.6165
192,25.0408,39.93,32.9036,30.39,26.31,True,DROWSY,6.2496,2.9595,14.037,0.1224,0.0211,1.6512
193,45.5855,21.94,53.0081,18.87,26.26,True,DROWSY,12.3283,3.0188,27.9185,0.5014,0.0898,1.7287
194,38.5215,25.96,46.9283,21.31,25.67,True,DROWSY,6.1597,2.9909,27.1649,0.4452,0.0844,1.6764
195,24.8191,40.29,32.6187,30.66,25.92,True,DROWSY,9.5848,0.8543,13.6777,0.1569,0.0269,0.5185
196,40.377,24.77,50.662,19.74,25.96,True,DROWSY,6.8649,3.0653,28.2055,0.4352,0.0833,1.7228
197,35.7217,27.99,42.779,23.38,25.33,True,DROWSY,12.4312,2.9731,18.4954,0.144,0.022,1.656
198,38.9716,25.66,47.3777,21.11,25.05,True,DROWSY,6.4986,2.9605,27.3083,0.4465,0.0842,1.6735
199,44.255,22.6,52.1963,19.16,25.06,True,DROWSY,12.443,2.9483,26.962,0.445,0.0865,1.3702
200,20.6336,48.46,28.8398,34.67,25.54,True,DROWSY,4.357,1.089,14.4904,0.1383,0.0219,0.537
201,38.576,25.92,43.8443,22.81,25.04,True,DROWSY,6.0689,2.8972,27.7025,0.4537,0.0838,1.3699
202,32.9109,30.39,41.2765,24.23,25.14,True,DROWSY,6.1054,2.8808,22.4133,0.1535,0.0266,1.3313
203,45.3724,22.04,53.3938,18.73,25.07,True,DROWSY,12.4175,2.8785,28.1841,0.4525,0.0845,1.3553
204,44.152,22.65,52.2271,19.15,24.51,True,DROWSY,12.6311,2.888,26.7507,0.4554,0.08,1.3468
205,21.2696,47.02,29.1074,34.36,24.61,True,DROWSY,5.3404,0.8773,14.4341,0.1374,0.0266,0.4538
206,44.8151,22.31,52.4682,19.06,24.73,True,DROWSY,12.2413,2.9856,27.6896,0.4788,0.0849,1.3349
207,41.6614,24.0,49.3417,20.27,24.57,True,DROWSY,12.4807,2.9976,24.6116,0.1353,0.0224,1.4138
208,37.3732,26.76,45.7453,21.86,24.58,True,DROWSY,6.3589,2.9551,26.2958,0.1845,0.0276,1.5513
209,38.7045,25.84,51.8188,19.3,24.57,True,DROWSY,6.0828,2.9476,27.5708,0.4794,0.0837,1.5402
210,39.1018,25.57,47.28,21.15,24.56,True,DROWSY,6.1864,2.9666,27.8254,0.4866,0.0903,1.5465
211,21.678,46.13,29.5449,33.85,24.68,True,DROWSY,3.6861,0.9679,15.9309,0.4626,0.0847,0.5458
212,19.9302,50.18,28.3276,35.3,25.11,True,DROWSY,3.9726,0.8845,14.4206,0.1362,0.0253,0.491
213,20.5207,48.73,28.056,35.64,25.65,True,DROWSY,3.9348,0.8794,15.1125,0.1572,0.0252,0.4116
214,20.0298,49.93,27.4761,36.4,26.24,True,DROWSY,4.0474,0.8767,14.5067,0.1321,0.0194,0.4475
215,20.1205,49.7,28.0931,35.6,26.82,True,DROWSY,3.6523,0.8499,14.6158,0.4585,0.0847,0.4593
216,28.1321,35.55,38.0428,26.29,26.61,True,DROWSY,6.3564,2.8465,17.3029,0.1584,0.0271,1.4408
217,44.3425,22.55,52.7224,18.97,25.98,True,DROWSY,12.5234,2.8436,27.3856,0.1436,0.0252,1.4211
218,29.9012,33.44,37.5108,26.66,25.65,True,DROWSY,6.2601,2.9133,18.6834,0.4558,0.1057,1.4829
219,39.1825,25.52,46.6857,21.42,25.65,True,DROWSY,6.6325,2.7521,27.8879,0.4368,0.082,1.3912
220,41.0688,24.35,48.8775,20.46,25.13,True,DROWSY,12.435,2.6897,24.4771,0.1638,0.0281,1.2751
221,37.6437,26.56,45.1428,22.15,25.1,True,DROWSY,6.0029,2.6559,27.1419,0.459,0.0831,1.3009
222,32.8151,30.47,41.0479,24.36,24.9,True,DROWSY,6.0708,2.7063,22.0918,0.5042,0.0863,1.3557
223,30.7879,32.48,38.9579,25.67,25.12,True,DROWSY,12.5712,2.0662,14.7253,0.1584,0.027,1.2398
224,27.6348,36.19,35.2235,28.39,25.36,True,DROWSY,10.743,1.1817,14.9262,0.1395,0.0235,0.6209
225,40.235,24.85,48.2167,20.74,25.03,True,DROWSY,6.72,2.8749,28.8531,0.4637,0.0859,1.2374
226,38.1794,26.19,46.3546,21.57,25.09,True,DROWSY,6.4352,2.8091,27.1679,0.4511,0.0831,1.233
227,27.0698,36.94,35.1793,28.43,25.26,True,DROWSY,10.4444,0.9337,15.0268,0.1724,0.0296,0.4629
228,20.3449,49.15,28.2934,35.34,25.73,True,DROWSY,3.5135,0.8282,15.4178,0.18,0.0277,0.3777
229,19.6778,50.82,27.8128,35.95,26.29,True,DROWSY,3.4921,0.8735,14.7408,0.1463,0.0288,0.3963
230,21.6617,46.16,29.9402,33.4,26.25,True,DROWSY,3.8586,0.903,16.2396,0.1792,0.0294,0.4519
231,21.3153,46.91,29.6737,33.7,26.61,True,DROWSY,4.2626,1.1454,15.0633,0.1611,0.0265,0.6564
232,39.1936,25.51,44.95,22.25,26.55,True,DROWSY,6.2595,2.9792,27.7622,0.4531,0.0839,1.6557
233,19.7289,50.69,24.7987,40.32,27.27,True,DROWSY,3.4485,0.906,14.7465,0.1634,0.0277,0.4368
234,36.3361,27.52,41.4972,24.1,27.43,True,DROWSY,4.5269,2.8319,27.7433,0.46,0.0853,0.6887
235,45.6749,21.89,53.3576,18.74,26.91,True,DROWSY,12.7332,3.1672,27.5558,0.4507,0.1101,1.6579
236,19.2198,52.03,27.4812,36.39,27.49,True,DROWSY,4.0382,0.8756,13.6519,0.129,0.0214,0.5037
237,39.8891,25.07,47.1726,21.2,27.52,True,DROWSY,7.0931,2.9875,27.8093,0.4489,0.0834,1.4669
238,44.3179,22.56,52.3908,19.09,27.43,True,DROWSY,12.2446,2.9318,27.1567,0.4404,0.0845,1.4599
239,23.6646,42.26,32.0894,31.16,27.82,True,DROWSY,6.8496,1.0751,14.3821,0.1733,0.0295,1.155
240,44.5186,22.46,52.8318,18.93,27.75,True,DROWSY,12.2904,2.9014,27.3868,0.4507,0.0835,1.4058
241,38.8453,25.74,53.3199,18.75,27.25,True,DROWSY,6.3323,2.9753,27.5157,0.452,0.0849,1.4851
242,21.2362,47.09,28.7907,34.73,27.23,True,DROWSY,6.0765,0.8206,13.6777,0.1756,0.0274,0.4584
243,38.1209,26.23,45.9889,21.74,26.76,True,DROWSY,6.1731,2.8968,27.1804,0.4351,0.0814,1.3541
244,44.6744,22.38,53.0066,18.87,26.18,True,DROWSY,12.5662,3.0253,27.1115,0.4763,0.0908,1.4043
245,18.8005,53.19,27.0454,36.97,26.23,True,DROWSY,3.7298,0.9291,13.5367,0.1314,0.0241,0.4494
246,26.315,38.0,34.4997,28.99,26.32,True,DROWSY,10.268,1.1096,13.8243,0.4164,0.08,0.6167
247,38.682,25.85,48.908,20.45,26.36,True,DROWSY,6.6216,2.9705,27.1406,0.4327,0.1055,1.4111
248,38.9701,25.66,47.1546,21.21,26.18,True,DROWSY,12.3824,2.9398,21.9308,0.1302,0.0218,1.5651
249,44.9402,22.25,52.5051,19.05,26.1,True,DROWSY,12.4997,3.0925,27.1441,0.4434,0.0846,1.6759
250,19.8606,50.35,27.7541,36.03,26.62,True,DROWSY,4.0344,1.1897,13.7121,0.1571,0.0295,0.7378
251,32.0036,31.25,38.7699,25.79,26.74,True,DROWSY,6.3895,3.1263,20.6787,0.1511,0.0244,1.6336
252,21.4092,46.71,29.6859,33.69,27.05,True,DROWSY,4.6197,1.3569,14.4381,0.2076,0.0212,0.7657
253,37.9694,26.34,45.6412,21.91,26.93,True,DROWSY,6.2601,2.961,26.8292,0.4537,0.084,1.3814
254,18.6563,53.6,26.1726,38.21,27.26,True,DROWSY,3.4627,0.9046,13.5953,0.1526,0.0256,0.5155
255,37.9233,26.37,45.8366,21.82,27.29,True,DROWSY,6.055,2.9702,26.9071,0.4358,0.0828,1.4724
256,38.3243,26.09,46.3146,21.59,27.29,True,DROWSY,5.9607,3.0677,27.2759,0.4454,0.0837,1.4909
257,18.7381,53.37,26.9142,37.16,27.58,True,DROWSY,3.5533,0.9094,13.6086,0.1884,0.0314,0.447
258,39.9236,25.05,48.1868,20.75,27.1,True,DROWSY,7.1791,2.9454,27.798,0.452,0.0846,1.4645
259,38.4414,26.01,45.9714,21.75,26.62,True,DROWSY,6.0047,2.9777,27.3854,0.449,0.0834,1.5412
260,20.6064,48.53,28.1085,35.58,26.7,True,DROWSY,5.3531,0.9513,13.6199,0.1532,0.0264,0.5025
261,40.6535,24.6,49.0483,20.39,26.25,True,DROWSY,6.0905,3.0777,29.3249,0.4755,0.0855,1.5994
262,32.5379,30.73,40.3449,24.79,26.34,True,DROWSY,7.2216,3.1895,20.2251,0.1606,0.0268,1.7143
263,37.0458,26.99,44.4664,22.49,25.74,True,DROWSY,6.0569,2.9736,26.2996,0.1484,0.0269,1.5404
264,40.1184,24.93,45.7869,21.84,25.67,True,DROWSY,7.4024,3.0006,27.4753,0.4529,0.0834,1.7038
265,46.3791,21.56,54.0205,18.51,25.66,True,DROWSY,12.6176,3.0249,28.6351,0.4549,0.0846,1.562
266,20.3966,49.03,28.5942,34.97,25.61,True,DROWSY,4.9118,1.0641,13.6706,0.143,0.0225,0.5846
267,39.5353,25.29,62.2352,16.07,25.44,True,DROWSY,6.9043,3.1352,27.2006,0.4727,0.0865,1.736
268,30.4179,32.88,38.209,26.17,25.68,True,DROWSY,4.2477,1.1607,23.7679,0.4601,0.0821,0.6994
269,44.6374,22.4,52.1772,19.17,25.28,True,DROWSY,12.4364,3.1526,27.0929,0.2331,0.037,1.6854
270,21.5644,46.37,29.4216,33.99,25.78,True,DROWSY,5.5375,1.2126,14.017,0.1672,0.03,0.6001
271,38.6264,25.89,46.037,21.72,25.88,True,DROWSY,6.4164,3.1091,26.9296,0.4345,0.0825,1.6543
272,38.3848,26.05,46.7565,21.39,25.43,True,DROWSY,6.4367,2.9333,26.9144,0.4989,0.0866,1.5149
273,22.8874,43.69,30.8761,32.39,25.79,True,DROWSY,6.1827,1.2541,14.4337,0.1649,0.0279,0.8241
274,38.5381,25.95,46.7226,21.4,25.87,True,DROWSY,6.2366,2.942,27.7134,0.1714,0.0265,1.4482
275,45.0352,22.2,65.0142,15.38,25.15,True,DROWSY,12.5987,2.9999,27.4132,0.4794,0.0838,1.4602
276,19.3079,51.79,40.2891,24.82,25.02,True,DROWSY,3.9675,0.9658,13.6043,0.154,0.0262,0.5901
277,44.454,22.5,52.5406,19.03,24.97,True,DROWSY,12.3671,2.9316,27.0505,0.4531,0.0864,1.5653
278,22.461,44.52,29.9655,33.37,25.37,True,DROWSY,4.465,1.0147,15.856,0.4685,0.0849,0.5719
279,20.8116,48.05,30.2903,33.01,25.84,True,DROWSY,3.4907,0.9204,15.6335,0.1558,0.0269,0.5843
280,21.0429,47.52,28.6996,34.84,25.8,True,DROWSY,3.4657,0.9613,15.6632,0.1871,0.0326,0.733
281,21.1402,47.3,29.079,34.39,26.09,True,DROWSY,3.6229,1.0128,15.7713,0.1911,0.0331,0.509
282,28.9881,34.5,36.9341,27.08,25.87,True,DROWSY,6.1929,2.9694,18.1055,0.17,0.0302,1.5201
283,21.107,47.38,29.0074,34.47,26.28,True,DROWSY,3.2455,0.9053,15.876,0.4567,0.0838,0.5397
284,19.9106,50.22,27.7267,36.07,26.21,True,DROWSY,3.6921,0.9142,14.1874,0.4755,0.0869,0.5545
285,26.9389,37.12,34.9728,28.59,26.44,True,DROWSY,3.3893,1.0748,21.4235,0.4424,0.0835,0.5254
286,39.4407,25.35,46.9811,21.29,26.43,True,DROWSY,6.1558,3.0256,28.03,0.4619,0.1134,1.654
287,19.624,50.96,27.1036,36.9,26.42,True,DROWSY,4.195,0.9631,13.5419,0.1583,0.027,0.7387
288,25.1087,39.83,33.4851,29.86,26.72,True,DROWSY,9.7322,0.9046,13.7782,0.1531,0.0267,0.5139
289,19.3417,51.7,27.7252,36.07,27.2,True,DROWSY,3.2895,1.1799,13.8581,0.4291,0.0791,0.506
290,19.6926,50.78,29.3757,34.04,27.15,True,DROWSY,3.9059,1.0673,13.9578,0.1884,0.0319,0.5413
291,21.304,46.94,28.7559,34.78,27.63,True,DROWSY,5.1418,1.3527,13.9433,0.1573,0.0268,0.6821
292,33.0319,30.27,41.8307,23.91,27.6,True,DROWSY,6.2208,2.9517,22.1609,0.1701,0.0278,1.5006
293,21.075,47.45,29.0148,34.47,28.0,True,DROWSY,5.3039,0.912,14.1764,0.1521,0.0263,0.5043
294,31.4782,31.77,39.3821,25.39,28.12,True,DROWSY,4.1355,1.0583,25.2162,0.4632,0.0817,0.5233
295,25.0087,39.99,33.0353,30.27,28.51,True,DROWSY,9.9525,0.8479,13.5754,0.1606,0.0275,0.4448
296,19.5376,51.18,27.472,36.4,28.56,True,DROWSY,4.3018,0.9947,13.6236,0.1386,0.0237,0.4552
297,21.2257,47.11,28.7084,34.83,29.18,True,DROWSY,6.0748,0.9754,13.4786,0.1475,0.0252,0.5242
298,19.5074,51.26,26.7403,37.4,29.56,True,DROWSY,3.9906,1.1464,13.6011,0.1762,0.0302,0.5629
299,34.1431,29.29,41.6401,24.02,29.72,True,DROWSY,6.6228,2.9062,22.5966,0.4754,0.0861,1.456
300,19.1041,52.34,26.897,37.18,29.83,True,DROWSY,3.9741,0.8689,13.5864,0.1454,0.0273,0.502
301,24.3192,41.12,48.5255,20.61,29.79,True,DROWSY,7.5695,1.1403,13.945,0.1772,0.0307,1.4565
302,42.876,23.32,50.4464,19.82,29.74,True,DROWSY,10.1902,2.9599,27.5561,0.451,0.0845,1.6343
303,20.9607,47.71,28.9704,34.52,29.81,True,DROWSY,3.7323,1.3644,14.9989,0.1848,0.0245,0.6558
304,39.2457,25.48,46.8342,21.35,29.81,True,DROWSY,6.5108,3.0082,27.6773,0.4824,0.0945,1.4725
305,36.9134,27.09,44.5572,22.44,30.04,True,DROWSY,5.7285,2.9854,26.5724,0.1806,0.0231,1.4234
306,44.1228,22.66,51.6444,19.36,29.86,True,DROWSY,12.1574,2.9524,26.9511,0.4614,0.0848,1.5157
307,39.3184,25.43,47.3005,21.14,29.93,True,DROWSY,6.9423,2.9572,27.4741,0.4491,0.084,1.4117
308,38.1694,26.2,46.3198,21.59,29.54,True,DROWSY,6.0292,2.9102,27.1845,0.465,0.0851,1.4954
309,20.4864,48.81,32.2445,31.01,29.47,True,DROWSY,4.7806,1.0854,13.8116,0.2127,0.0313,0.5648
310,41.0775,24.34,48.7367,20.52,28.99,True,DROWSY,7.0455,3.1288,28.8636,0.4818,0.0848,1.473
311,28.94,34.55,36.9995,27.03,28.75,True,DROWSY,6.322,2.9351,18.1282,0.1317,0.0203,1.4027
312,44.2684,22.59,51.4215,19.45,28.49,True,DROWSY,12.2329,2.9431,27.123,0.4491,0.0839,1.4364
313,20.9167,47.81,29.0691,34.4,28.49,True,DROWSY,5.0187,1.2791,13.8,0.1483,0.0259,0.6447
314,19.2265,52.01,27.2132,36.75,28.51,True,DROWSY,4.0625,0.8936,13.6002,0.1536,0.0274,0.4892
315,39.551,25.28,47.4296,21.08,28.26,True,DROWSY,6.7583,3.2145,27.1965,0.4401,0.0832,1.8584
316,26.6797,37.48,34.2928,29.16,28.52,True,DROWSY,10.3169,1.3424,14.0559,0.1969,0.0296,0.738
317,40.2136,24.87,45.6974,21.88,28.02,True,DROWSY,6.8615,2.9796,28.2601,0.4571,0.0832,1.5721
318,39.0382,25.62,45.6096,21.93,27.76,True,DROWSY,6.3351,2.9731,27.6039,0.4609,0.0858,1.5794
319,21.4576,46.6,26.8813,37.2,27.8,True,DROWSY,5.2852,1.1253,14.2324,0.1936,0.0325,0.5886
320,18.7447,53.35,26.2141,38.15,27.93,True,DROWSY,3.5575,0.9597,13.6285,0.1376,0.0208,0.4406
321,27.7176,36.08,35.4395,28.22,27.72,True,DROWSY,6.8165,2.9315,16.3366,0.181,0.029,1.423
322,19.6279,50.95,27.9163,35.82,28.11,True,DROWSY,4.0037,0.8708,13.7418,0.4408,0.0822,0.4886
323,39.8328,25.1,47.4614,21.07,27.67,True,DROWSY,6.2512,2.9187,28.5941,0.4565,0.0847,1.5276
324,35.7272,27.99,44.0527,22.7,27.58,True,DROWSY,6.3676,2.9488,24.7913,0.1105,0.0188,1.4902
325,37.4152,26.73,45.53,21.96,27.3,True,DROWSY,5.4391,2.944,26.9823,0.4343,0.0826,1.5329
326,25.2555,39.6,40.4684,24.71,26.91,True,DROWSY,9.7625,0.97,13.7642,0.1322,0.024,0.6026
327,19.9151,50.21,27.6277,36.2,26.96,True,DROWSY,3.8183,0.9604,14.3601,0.1659,0.0258,0.5846
328,38.9831,25.65,47.0667,21.25,26.42,True,DROWSY,6.3074,2.9976,27.5731,0.4766,0.0898,1.5386
329,19.327,51.74,28.8415,34.67,26.77,True,DROWSY,3.9092,0.9386,13.7599,0.1666,0.0273,0.5254
330,19.3789,51.6,27.0278,37.0,26.77,True,DROWSY,4.057,0.9142,13.8092,0.1292,0.0211,0.4482
331,38.7212,25.83,57.3448,17.44,26.66,True,DROWSY,6.2937,2.9846,27.3838,0.446,0.0818,1.5313
332,38.3119,26.1,46.031,21.72,26.72,True,DROWSY,6.3382,3.0106,26.9569,0.4513,0.0864,1.4685
333,25.4547,39.29,33.0725,30.24,26.58,True,DROWSY,6.6141,3.0128,14.1435,0.1806,0.0299,1.4738
334,38.4111,26.03,46.427,21.54,26.59,True,DROWSY,5.5815,2.9402,27.8925,0.4353,0.08,1.4816
335,20.547,48.67,28.133,35.55,27.02,True,DROWSY,4.2819,1.2026,13.8746,0.4438,0.0816,0.6625
336,32.1508,31.1,40.5771,24.64,27.2,True,DROWSY,6.249,2.9563,21.3968,0.1419,0.0261,1.3807
337,38.4166,26.03,46.7626,21.38,27.21,True,DROWSY,6.6106,3.0354,26.8084,0.4314,0.0818,1.449
338,38.2943,26.11,45.8599,21.81,27.22,True,DROWSY,6.3452,2.9739,26.9401,0.4306,0.1107,1.4938
339,22.2262,44.99,30.4058,32.89,27.28,True,DROWSY,5.0935,0.8712,15.6284,0.1651,0.0268,0.4412
340,38.7955,25.78,46.5105,21.5,27.31,True,DROWSY,6.9277,2.944,26.7898,0.4426,0.0824,1.609
341,19.6374,50.92,27.3028,36.63,27.63,True,DROWSY,3.2382,0.9347,14.7257,0.186,0.0315,0.5213
342,33.7304,29.65,42.0687,23.77,27.77,True,DROWSY,6.4234,3.0351,22.3606,0.1717,0.031,1.7086
343,23.1088,43.27,31.4749,31.77,27.69,True,DROWSY,6.4555,0.8829,14.7425,0.4437,0.0844,0.4998
344,20.4356,48.93,28.7918,34.73,27.62,True,DROWSY,4.0222,0.9296,14.7493,0.1581,0.0278,0.5486
345,36.2041,27.62,43.659,22.9,27.68,True,DROWSY,6.2828,2.9919,25.3496,0.1565,0.0275,1.3958
346,38.9538,25.67,55.8216,17.91,27.31,True,DROWSY,6.0251,3.0642,27.8678,0.4592,0.0844,1.4531
347,37.6074,26.59,45.0364,22.2,27.32,True,DROWSY,12.3354,3.0613,20.6744,0.1499,0.0254,1.361
348,20.7936,48.09,28.1968,35.47,27.77,True,DROWSY,3.8881,0.8725,15.4002,0.1566,0.0331,0.4431
349,38.5443,25.94,46.2512,21.62,27.25,True,DROWSY,6.6637,2.9878,27.041,0.4304,0.0833,1.3381
350,37.2776,26.83,45.6587,21.9,26.71,True,DROWSY,6.1934,2.9171,26.6251,0.1803,0.0299,1.3318
351,38.1479,26.21,44.1267,22.66,26.52,True,DROWSY,12.295,3.1228,20.7399,0.4539,0.085,1.4513
352,37.8701,26.41,45.5205,21.97,26.06,True,DROWSY,5.6484,2.9889,27.2361,0.4632,0.0846,1.4489
353,20.8743,47.91,28.0051,35.71,26.55,True,DROWSY,4.2836,0.9045,14.9908,0.1875,0.0362,0.4717
354,38.4245,26.03,46.0713,21.71,26.51,True,DROWSY,6.0415,3.0093,27.261,0.4543,0.0826,1.5758
355,37.9965,26.32,45.5033,21.98,26.52,True,DROWSY,6.3316,3.1179,26.7531,0.134,0.022,1.6379
356,40.8485,24.48,48.5287,20.61,26.38,True,DROWSY,7.554,3.0833,28.039,0.4524,0.0841,1.6357
357,38.0445,26.29,56.2952,17.76,25.76,True,DROWSY,12.5346,3.1253,20.4688,0.2228,0.0359,1.6571
358,20.0226,49.94,27.4828,36.39,26.27,True,DROWSY,3.1757,0.9371,15.2981,0.1302,0.0216,0.4599
359,20.0639,49.84,27.9726,35.75,26.3,True,DROWSY,3.5348,0.901,14.9329,0.1669,0.0315,0.4968
360,37.7041,26.52,45.6193,21.92,25.8,True,DROWSY,5.6329,3.0708,26.8404,0.4376,0.0834,1.639
361,37.5062,26.66,45.381,22.04,25.96,True,DROWSY,6.2435,2.9324,26.8807,0.1323,0.022,1.2953
362,21.317,46.91,29.5475,33.84,26.36,True,DROWSY,3.7992,1.0326,15.4557,0.4645,0.0852,0.4798
363,21.7678,45.94,29.5832,33.8,26.48,True,DROWSY,4.1247,1.1835,15.822,0.163,0.0268,0.4478
364,20.2644,49.35,27.9851,35.73,26.95,True,DROWSY,3.7462,0.947,15.0388,0.1163,0.0213,0.3948
365,37.9793,26.33,45.5691,21.94,26.5,True,DROWSY,6.2044,2.9181,27.1083,0.4432,0.0836,1.2217
366,44.5711,22.44,52.6824,18.98,26.31,True,DROWSY,12.2731,2.9356,27.605,0.4508,0.0855,1.2211
367,24.2005,41.32,32.0487,31.2,26.64,True,DROWSY,6.4351,1.1833,15.825,0.1842,0.0305,0.5424
368,39.1406,25.55,47.4583,21.07,26.61,True,DROWSY,6.4118,3.4449,27.4364,0.4522,0.0846,1.3107
369,27.8847,35.86,35.5756,28.11,26.45,True,DROWSY,10.9933,0.9575,15.2722,0.1738,0.0292,0.4587
370,44.321,22.56,52.5874,19.02,26.37,True,DROWSY,12.5378,3.0084,26.9236,0.4408,0.0834,1.327
371,44.4815,22.48,52.7239,18.97,25.78,True,DROWSY,12.2845,2.9549,27.2103,0.447,0.0832,1.5016
372,21.3551,46.83,29.1603,34.29,26.13,True,DROWSY,3.8332,0.9074,15.3974,0.4295,0.0821,0.7055
373,38.8108,25.77,46.4653,21.52,25.79,True,DROWSY,6.2246,3.0236,27.5414,0.4502,0.0829,1.4881
374,31.7154,31.53,39.3218,25.43,25.48,True,DROWSY,6.7087,3.0478,20.2631,0.1686,0.0283,1.4989
375,20.0788,49.8,28.3643,35.26,25.89,True,DROWSY,3.2695,0.9193,15.2395,0.1874,0.0331,0.43
376,21.5889,46.32,28.8689,34.64,26.45,True,DROWSY,3.8909,1.1629,15.8495,0.1437,0.0254,0.5165
377,39.3676,25.4,46.9289,21.31,26.42,True,DROWSY,6.9522,3.1127,27.1275,0.4479,0.0835,1.6438
378,39.6155,25.24,47.1991,21.19,25.94,True,DROWSY,6.426,3.0691,27.9782,0.4565,0.083,1.6027
379,22.191,45.06,30.025,33.31,26.33,True,DROWSY,4.2975,1.2118,15.4753,0.4657,0.0859,0.6548
380,37.1322,26.93,44.8584,22.29,26.35,True,DROWSY,6.4088,3.0347,25.9471,0.1859,0.0286,1.5271
381,38.4446,26.01,48.9129,20.44,26.27,True,DROWSY,6.3507,3.0005,27.1519,0.4466,0.0839,1.411
382,38.9113,25.7,46.3207,21.59,26.26,True,DROWSY,6.1873,3.015,27.7056,0.4918,0.086,1.4256
383,20.2753,49.32,27.8524,35.9,26.27,True,DROWSY,3.6599,0.8765,15.1551,0.1344,0.0359,0.4135
384,20.4229,48.96,27.9127,35.83,26.74,True,DROWSY,3.4978,0.9118,15.4327,0.1447,0.0262,0.4097
385,37.6768,26.54,45.6079,21.93,26.74,True,DROWSY,10.2496,0.9169,25.4644,0.4791,0.0844,0.4824
386,25.6105,39.05,33.391,29.95,27.05,True,DROWSY,5.7518,1.0744,18.017,0.2127,0.0294,0.5252
387,22.73,43.99,42.417,23.58,27.24,True,DROWSY,4.7437,1.1858,15.6282,0.4608,0.0834,0.6281
388,34.4571,29.02,42.1385,23.73,26.82,True,DROWSY,6.1889,2.9258,23.7341,0.1873,0.0301,1.3909
389,44.5722,22.44,52.6238,19.0,26.26,True,DROWSY,12.4713,2.9842,26.9892,0.4453,0.0838,1.5984
390,37.6804,26.54,46.0471,21.72,26.25,True,DROWSY,5.7935,3.0252,26.7273,0.4227,0.0828,1.6289
391,20.9541,47.72,28.742,34.79,26.68,True,DROWSY,3.5697,1.1588,15.5179,0.1613,0.0264,0.52
392,38.2819,26.12,46.2322,21.63,26.27,True,DROWSY,5.9548,2.9649,27.2805,0.4562,0.0827,1.5428
393,38.6556,25.87,46.38,21.56,25.86,True,DROWSY,6.3664,2.947,27.2993,0.4684,0.0848,1.4897
394,21.8439,45.78,29.6585,33.72,25.8,True,DROWSY,4.2007,1.1728,15.614,0.1491,0.0259,0.6814
395,22.2061,45.03,28.168,35.5,26.25,True,DROWSY,4.433,1.1102,15.9157,0.1856,0.0297,0.5319
396,39.0332,25.62,47.7741,20.93,26.31,True,DROWSY,6.6378,3.0253,27.4348,0.4613,0.0906,1.3834
397,28.3237,35.31,36.12,27.69,26.2,True,DROWSY,11.2053,0.9335,15.5329,0.1686,0.0295,0.4539
398,33.3475,29.99,41.1012,24.33,26.3,True,DROWSY,6.3793,3.0134,22.3845,0.212,0.031,1.3273
399,38.2707,26.13,46.4565,21.53,26.09,True,DROWSY,6.4534,2.9872,26.9435,0.4505,0.085,1.3511
400,21.7758,45.92,29.3638,34.06,26.59,True,DROWSY,4.5274,1.1082,15.4036,0.1725,0.0274,0.5367
401,38.8143,25.76,44.5021,22.47,26.7,True,DROWSY,6.177,3.0279,27.5295,0.4511,0.086,1.5428
402,40.0774,24.95,47.6408,20.99,26.26,True,DROWSY,6.3837,3.1043,28.456,0.4585,0.0851,1.5898
403,22.0728,45.3,40.6247,24.62,26.36,True,DROWSY,3.8995,1.2357,16.1512,0.1755,0.0298,0.5811
404,21.0856,47.43,29.0793,34.39,26.66,True,DROWSY,3.8939,0.9569,15.6393,0.1218,0.0219,0.4518
405,39.6917,25.19,55.6531,17.97,26.09,True,DROWSY,6.883,3.0705,27.6121,0.465,0.0859,1.5752
406,21.5368,46.43,29.3123,34.12,26.07,True,DROWSY,3.9207,1.186,15.7048,0.1704,0.0276,0.5273
407,39.0451,25.61,46.4635,21.52,26.07,True,DROWSY,6.7683,3.1825,26.9774,0.4566,0.0856,1.5747
408,26.8857,37.19,34.7868,28.75,26.33,True,DROWSY,9.5021,0.9724,15.7805,0.1495,0.026,0.4552
409,39.0565,25.6,46.6146,21.45,25.93,True,DROWSY,6.2066,3.1081,27.7191,0.482,0.0824,1.4583
410,27.5672,36.27,35.5055,28.16,26.13,True,DROWSY,6.1589,3.0108,16.7667,0.1646,0.0271,1.4391
411,39.3175,25.43,47.2989,21.14,26.15,True,DROWSY,6.8206,2.9672,27.6382,0.4548,0.0862,1.3505
412,33.7293,29.65,41.2946,24.22,26.24,True,DROWSY,7.2295,2.9158,22.0849,0.1771,0.0288,1.2932
413,20.8545,47.95,50.6331,19.75,25.7,True,DROWSY,3.2981,0.8411,15.7291,0.4485,0.0836,0.4541
414,21.3786,46.78,29.4334,33.98,25.64,True,DROWSY,3.8164,1.2119,15.6625,0.1433,0.026,0.5185
415,20.9249,47.79,34.5702,28.93,25.87,True,DROWSY,3.8189,0.8876,15.6026,0.1426,0.0267,0.4465
416,22.2335,44.98,29.7798,33.58,25.99,True,DROWSY,3.8375,0.9184,16.827,0.2348,0.0367,0.3791
417,25.4583,39.28,33.2966,30.03,26.21,True,DROWSY,7.9494,1.0002,15.8866,0.1725,0.0328,0.4168
418,21.2214,47.12,29.1701,34.28,26.56,True,DROWSY,3.1857,0.9599,16.4824,0.1849,0.0325,0.376
419,39.7545,25.15,47.5504,21.03,26.63,True,DROWSY,6.3636,2.9147,28.5906,0.4842,0.0865,1.3149
420,30.1875,33.13,45.4286,22.01,26.64,True,DROWSY,11.7376,1.2415,16.4528,0.1789,0.0306,0.5461
421,24.7789,40.36,32.1364,31.12,26.51,True,DROWSY,6.6432,1.0452,15.9801,0.4716,0.0864,0.5524
422,45.7542,21.86,53.9013,18.55,26.41,True,DROWSY,12.4387,3.0142,28.3319,0.4608,0.0849,1.4237
423,35.386,28.26,43.5856,22.94,26.46,True,DROWSY,6.4394,2.9436,24.544,0.1334,0.0215,1.3041
424,28.9486,34.54,37.0424,27.0,26.23,True,DROWSY,11.6441,1.3585,15.0473,0.173,0.0307,0.695
425,20.9194,47.8,28.8983,34.6,26.2,True,DROWSY,4.4633,1.1456,14.5782,0.1618,0.0377,0.5328
426,38.8363,25.75,46.9639,21.29,26.22,True,DROWSY,6.4136,2.9309,27.6856,0.4363,0.0804,1.2895
427,19.745,50.65,27.2147,36.74,26.52,True,DROWSY,3.5382,0.8529,14.7545,0.1429,0.0264,0.4301
428,37.0202,27.01,45.3793,22.04,26.44,True,DROWSY,5.8346,2.8898,26.86,0.1609,0.0265,1.2484
429,38.3159,26.1,45.8194,21.82,26.45,True,DROWSY,6.3122,3.022,27.1024,0.4246,0.0812,1.3735
430,27.834,35.93,35.4943,28.17,26.26,True,DROWSY,10.162,1.5408,15.1765,0.1935,0.0325,0.7287
431,21.9226,45.62,30.0384,33.29,26.62,True,DROWSY,4.8037,1.0336,15.3823,0.185,0.029,0.489
432,44.8402,22.3,52.4342,19.07,26.55,True,DROWSY,12.6557,2.8804,27.3682,0.4424,0.086,1.4075
433,38.8744,25.72,57.9723,17.25,26.31,True,DROWSY,6.3009,2.9347,28.0209,0.151,0.0242,1.4427
434,26.7379,37.4,34.208,29.23,26.13,True,DROWSY,6.0983,3.022,15.9872,0.1505,0.0266,1.4533
435,20.1026,49.74,26.4998,37.74,26.79,True,DROWSY,4.0147,0.9163,14.538,0.142,0.0262,0.4654
436,27.1342,36.85,34.0657,29.36,26.64,True,DROWSY,6.0324,2.9089,16.1141,0.4664,0.0856,1.5268
437,20.0749,49.81,27.9708,35.75,27.11,True,DROWSY,3.808,1.0581,14.4347,0.1886,0.0332,0.5523
438,40.7911,24.52,48.7014,20.53,26.84,True,DROWSY,6.7721,3.1307,28.6014,0.4742,0.0899,1.7228
439,25.5926,39.07,33.3467,29.99,27.12,True,DROWSY,4.2136,0.911,19.7076,0.2152,0.0329,0.5123
440,40.5155,24.68,48.9511,20.43,26.86,True,DROWSY,6.4327,3.0702,28.7442,0.457,0.0844,1.727
441,39.3445,25.42,47.5509,21.03,26.86,True,DROWSY,6.735,3.0255,27.2959,0.4519,0.0852,1.751
442,19.8892,50.28,28.1247,35.56,27.24,True,DROWSY,3.8075,0.8949,14.4515,0.2237,0.0344,0.4772
443,40.6171,24.62,48.7501,20.51,27.26,True,DROWSY,6.4953,2.9848,28.9891,0.4626,0.0853,1.6
444,43.8262,22.82,51.7246,19.33,26.77,True,DROWSY,10.6475,2.8754,28.3939,0.4692,0.0861,1.3541
445,24.1939,41.33,32.1613,31.09,26.85,True,DROWSY,6.0046,1.411,15.3277,0.1911,0.0311,1.2284
446,25.6069,39.05,33.0225,30.28,26.74,True,DROWSY,6.2608,2.936,14.9073,0.1408,0.0237,1.3383
447,21.4729,46.57,28.8546,34.66,26.89,True,DROWSY,4.5089,1.05,15.2427,0.1853,0.0319,0.4541
448,45.8876,21.79,74.4517,13.43,26.2,True,DROWSY,12.3788,2.9894,28.3893,0.5672,0.0894,1.4735
449,40.23,24.86,47.814,20.91,26.19,True,DROWSY,6.5083,2.9028,28.8795,0.4652,0.0836,1.3906
450,20.6332,48.47,28.3263,35.3,26.63,True,DROWSY,3.9844,0.8984,15.1442,0.14,0.0246,0.4416
451,39.3956,25.38,44.7894,22.33,26.34,True,DROWSY,6.7897,3.0378,27.273,0.6178,0.087,1.5903
452,40.1802,24.89,48.5686,20.59,26.41,True,DROWSY,12.7645,2.9472,22.7062,0.1967,0.032,1.5336
453,39.7272,25.17,48.0734,20.8,26.34,True,DROWSY,6.7059,2.9118,27.923,0.4558,0.0851,1.6456
454,44.4296,22.51,52.6528,18.99,26.07,True,DROWSY,12.1041,2.8852,27.3745,0.5076,0.0295,1.5287
455,21.9641,45.53,29.8785,33.47,26.03,True,DROWSY,4.2811,1.1554,15.626,0.2267,0.0333,0.6416
456,31.8067,31.44,39.9546,25.03,26.16,True,DROWSY,6.0981,3.0388,21.0701,0.164,0.0282,1.4075
457,22.0863,45.28,30.2941,33.01,26.03,True,DROWSY,4.3756,0.969,15.7981,0.1996,0.0337,0.7103
458,32.3866,30.88,40.7951,24.51,26.12,True,DROWSY,12.6725,2.9287,15.1137,0.2258,0.0401,1.4058
459,38.0819,26.26,59.6544,16.76,25.95,True,DROWSY,5.6486,2.8515,27.7119,0.4714,0.0822,1.3163
460,21.3155,46.91,29.7036,33.67,26.13,True,DROWSY,4.1302,0.996,15.1491,0.4436,0.083,0.5136
461,33.508,29.84,41.1758,24.29,25.83,True,DROWSY,6.4093,2.9569,22.7176,0.1366,0.021,1.2666
462,37.8269,26.44,45.2858,22.08,25.93,True,DROWSY,5.6656,2.7989,27.5385,0.4416,0.0812,1.3011
463,38.185,26.19,45.8179,21.83,26.08,True,DROWSY,6.2199,2.8287,27.2545,0.4509,0.083,1.348
464,20.3908,49.04,27.9858,35.73,26.3,True,DROWSY,4.1637,1.1257,14.4088,0.1636,0.027,0.502
465,38.4564,26.0,46.2048,21.64,25.76,True,DROWSY,6.2746,2.8486,27.4823,0.4518,0.0862,1.3129
466,38.5423,25.95,46.5326,21.49,25.5,True,DROWSY,6.4955,2.9344,27.1952,0.4343,0.0828,1.4001
467,25.4669,39.27,32.9303,30.37,25.32,True,DROWSY,6.6455,2.0829,15.3099,0.1466,0.0251,1.2569
468,37.8875,26.39,45.8901,21.79,25.36,True,DROWSY,5.404,2.9028,27.5938,0.4525,0.0831,1.4513
469,21.1278,47.33,29.2748,34.16,25.5,True,DROWSY,4.4181,1.1576,14.7761,0.1623,0.0271,0.5866
470,19.3297,51.73,26.634,37.55,26.07,True,DROWSY,3.4371,0.8986,14.3791,0.1561,0.0265,0.4323
471,29.6039,33.78,37.1318,26.93,26.27,True,DROWSY,5.6088,2.9153,19.496,0.1499,0.0253,1.4086
472,20.3137,49.23,27.8173,35.95,26.28,True,DROWSY,3.7128,0.872,15.0614,0.1599,0.0279,0.4797
473,26.8942,37.18,34.5909,28.91,26.56,True,DROWSY,10.1142,1.0788,14.5295,0.5004,0.0845,0.5868
474,19.6295,50.94,57.2356,17.47,26.5,True,DROWSY,3.5004,0.9889,14.4147,0.124,0.0217,0.5798
475,39.7609,25.15,48.1214,20.78,26.16,True,DROWSY,6.4767,2.9307,28.3508,0.4633,0.0855,1.4539
476,39.8118,25.12,47.4807,21.06,25.85,True,DROWSY,7.179,2.9801,27.5889,0.4559,0.0834,1.5245
477,39.6851,25.2,47.9044,20.87,25.39,True,DROWSY,6.6045,2.9772,28.0817,0.4817,0.0848,1.4552
478,20.6496,48.43,31.0923,32.16,26.01,True,DROWSY,4.0793,1.2382,14.4327,0.1872,0.0357,0.6765
479,40.5137,24.68,48.7756,20.5,26.0,True,DROWSY,6.9843,3.0887,28.1261,0.454,0.0833,1.7773
480,21.1651,47.25,29.1854,34.26,25.97,True,DROWSY,4.3974,0.9498,14.7749,0.4377,0.0829,0.5224
481,22.4838,44.48,30.2317,33.08,26.32,True,DROWSY,4.8084,1.2933,15.5229,0.1574,0.0268,0.675
482,27.2347,36.72,34.7812,28.75,26.6,True,DROWSY,10.3702,1.0969,14.9334,0.1811,0.0341,0.619
483,40.1214,24.92,47.4323,21.08,26.61,True,DROWSY,7.3687,3.2196,27.5006,0.4743,0.0895,1.4687
484,45.3259,22.06,50.5051,19.8,26.63,True,DROWSY,12.6655,3.0915,27.5568,0.4675,0.0881,1.4565
485,20.9031,47.84,28.4193,35.19,26.69,True,DROWSY,3.9522,1.0394,14.8371,0.46,0.0844,0.53
486,38.8685,25.73,44.1146,22.67,26.61,True,DROWSY,6.4348,2.9717,27.9835,0.1522,0.024,1.3023
487,28.3165,35.32,36.1362,27.67,26.43,True,DROWSY,6.9021,2.8949,16.9805,0.1857,0.0308,1.3225
488,20.3668,49.1,28.6116,34.95,26.78,True,DROWSY,4.0129,1.0181,14.7028,0.1597,0.0282,0.4451
489,20.392,49.04,37.6019,26.59,27.11,True,DROWSY,4.1666,0.9717,14.5218,0.1678,0.029,0.5351
490,37.7578,26.48,82.9843,12.05,26.39,True,DROWSY,6.4255,2.811,26.8977,0.2377,0.0245,1.3614
491,39.0489,25.61,46.8111,21.36,26.29,True,DROWSY,6.3466,2.8509,27.8682,0.466,0.0913,1.4259
492,38.204,26.18,45.3142,22.07,26.29,True,DROWSY,6.6123,2.7358,27.083,0.4704,0.0835,1.219
493,19.6369,50.92,27.547,36.3,26.77,True,DROWSY,3.8236,0.9025,14.3308,0.1632,0.0287,0.3881
494,29.0321,34.44,36.2682,27.57,26.5,True,DROWSY,9.7252,1.0917,17.1176,0.4604,0.0896,0.5476
495,21.5988,46.3,29.7256,33.64,26.9,True,DROWSY,3.9561,1.2946,15.5613,0.1532,0.0243,0.6093
496,39.1996,25.51,47.1152,21.22,26.89,True,DROWSY,6.8614,2.8449,27.5453,0.4422,0.0854,1.4204
497,3.9354,254.1,11.5979,86.22,28.75,False,DROWSY,3.7188,0.0,0.0,0.0,0.0869,0.1297
498,32.7985,30.49,39.4214,25.37,28.87,True,DROWSY,16.9417,0.9064,14.3579,0.1321,0.0225,0.4379
499,20.6672,48.39,28.9029,34.6,28.89,True,DROWSY,3.4356,1.104,15.5084,0.1627,0.028,0.4285
500,36.4225,27.46,44.8595,22.29,28.38,True,DROWSY,4.991,2.8527,27.4382,0.445,0.0868,0.6088
